Q2_log_center,W2_center,t_center,logA
0.0,20.0,-0.01,-5.105765718412086
0.0,20.0,-0.02,-3.815962740402421
0.0,20.0,-0.03,-3.0331632705560723
0.0,20.0,-0.04,-2.520637496763917
0.0,20.0,-0.05,-2.2025961918146884
0.0,20.0,-0.060000000000000005,-1.8994665717131543
0.0,20.0,-0.06999999999999999,-1.641279377803031
0.0,20.0,-0.08,-1.4661453039176549
0.0,20.0,-0.09,-1.312072746178849
0.0,20.0,-0.09999999999999999,-1.210103290777967
0.0,20.0,-0.11,-1.081526262212763
0.0,20.0,-0.12,-1.011029897949715
0.0,20.0,-0.13,-0.9716312731294618
0.0,20.0,-0.14,-0.9137766697219364
0.0,20.0,-0.15000000000000002,-0.9059065300250037
0.0,20.0,-0.16,-0.9258518557669433
0.0,20.0,-0.17,-0.9083564390904665
0.0,20.0,-0.18000000000000002,-0.9550368667436865
0.0,20.0,-0.19,-0.9510770954987681
0.0,20.0,-0.2,-1.0148566784998068
0.0,20.0,-0.21000000000000002,-1.0751159375180588
0.0,20.0,-0.22,-1.155022983059665
0.0,20.0,-0.23,-1.1995983941653552
0.0,20.0,-0.24000000000000002,-1.3228469510396135
0.0,20.0,-0.25,-1.4376862169245055
0.0,20.0,-0.26,-1.5599996972044998
0.0,20.0,-0.29083333333333333,-2.0289558227920113
0.0,20.0,-0.32166666666666666,-2.730871850430357
0.0,20.0,-0.35250000000000004,-3.807211310695405
0.0,20.0,-0.38333333333333336,-6.013934140523214
0.0,20.0,-0.4141666666666667,-6.459384061708227
0.0,20.0,-0.445,-4.402172762111621
0.0,20.0,-0.47583333333333333,-3.5973584582828595
0.0,20.0,-0.5066666666666667,-3.199627580640382
0.0,20.0,-0.5375000000000001,-2.987102432378517
0.0,20.0,-0.5683333333333334,-2.946505571239912
0.0,20.0,-0.5991666666666666,-3.0673495255283316
0.0,20.0,-0.63,-3.296304124922882
0.0,20.0,-0.6608333333333334,-3.6359035176129053
0.0,20.0,-0.6916666666666667,-4.097726211875451
0.0,20.0,-0.7225,-4.801695244310702
0.0,20.0,-0.7533333333333334,-5.8980817353933475
0.0,20.0,-0.7841666666666667,-8.196997218148754
0.0,20.0,-0.8150000000000001,-8.44435705573007
0.0,20.0,-0.8458333333333333,-6.416344994463088
0.0,20.0,-0.8766666666666667,-5.62329942884439
0.0,20.0,-0.9075,-5.213950625182537
0.0,20.0,-0.9383333333333334,-5.04774317806588
0.0,20.0,-0.9691666666666667,-5.011962180821726
0.0,20.0,-1.0,-5.123410127779895
0.0,20.0,-1.02,-5.246525553087377
0.0,20.0,-1.1288888888888888,-7.044253365766178
0.0,20.0,-1.2377777777777779,-8.834146194488797
0.0,20.0,-1.3466666666666667,-7.093371135351872
0.0,20.0,-1.4555555555555555,-7.671831227625409
0.0,20.0,-1.5644444444444443,-10.614133168745978
0.0,20.0,-1.6733333333333333,-9.80530202422505
0.0,20.0,-1.7822222222222222,-9.13397023666427
0.0,20.0,-1.891111111111111,-10.283937093734718
0.0,20.0,-2.0,-19.45446594516635
0.0,40.0,-0.01,-5.133322996936983
0.0,40.0,-0.02,-3.7910525947359393
0.0,40.0,-0.03,-3.0354953633898343
0.0,40.0,-0.04,-2.519688769045408
0.0,40.0,-0.05,-2.1427016753877273
0.0,40.0,-0.060000000000000005,-1.8522930501750017
0.0,40.0,-0.06999999999999999,-1.6469339949755577
0.0,40.0,-0.08,-1.4665770899494066
0.0,40.0,-0.09,-1.2934731017900725
0.0,40.0,-0.09999999999999999,-1.1971506894716997
0.0,40.0,-0.11,-1.1262964332854695
0.0,40.0,-0.12,-1.0523062604081748
0.0,40.0,-0.13,-0.9957820066316501
0.0,40.0,-0.14,-0.9322056471722729
0.0,40.0,-0.15000000000000002,-0.9196218647018044
0.0,40.0,-0.16,-0.9034562563422144
0.0,40.0,-0.17,-0.934262758974258
0.0,40.0,-0.18000000000000002,-0.9440609665421034
0.0,40.0,-0.19,-0.9688931336432177
0.0,40.0,-0.2,-1.0341902254332576
0.0,40.0,-0.21000000000000002,-1.0778146142158957
0.0,40.0,-0.22,-1.1715606340739295
0.0,40.0,-0.23,-1.2496143153122676
0.0,40.0,-0.24000000000000002,-1.347081431081454
0.0,40.0,-0.25,-1.4741130595573944
0.0,40.0,-0.26,-1.5656804771045139
0.0,40.0,-0.29083333333333333,-2.075727361446076
0.0,40.0,-0.32166666666666666,-2.7689425650954806
0.0,40.0,-0.35250000000000004,-3.841137153115055
0.0,40.0,-0.38333333333333336,-6.053180468042075
0.0,40.0,-0.4141666666666667,-6.532744250138936
0.0,40.0,-0.445,-4.444123517680325
0.0,40.0,-0.47583333333333333,-3.647963323761973
0.0,40.0,-0.5066666666666667,-3.241604651726666
0.0,40.0,-0.5375000000000001,-3.0941012785557547
0.0,40.0,-0.5683333333333334,-3.063234243202812
0.0,40.0,-0.5991666666666666,-3.161005952895795
0.0,40.0,-0.63,-3.3732017238225867
0.0,40.0,-0.6608333333333334,-3.689448608264991
0.0,40.0,-0.6916666666666667,-4.211152255852978
0.0,40.0,-0.7225,-4.910702593542844
0.0,40.0,-0.7533333333333334,-5.973813677144468
0.0,40.0,-0.7841666666666667,-8.2859401333784
0.0,40.0,-0.8150000000000001,-8.533652208389706
0.0,40.0,-0.8458333333333333,-6.541027709427198
0.0,40.0,-0.8766666666666667,-5.739733004730874
0.0,40.0,-0.9075,-5.362605102247715
0.0,40.0,-0.9383333333333334,-5.175495618580841
0.0,40.0,-0.9691666666666667,-5.129508564968925
0.0,40.0,-1.0,-5.284356800881882
0.0,40.0,-1.02,-5.371440740160862
0.0,40.0,-1.1288888888888888,-7.195040895472432
0.0,40.0,-1.2377777777777779,-8.974897759707275
0.0,40.0,-1.3466666666666667,-7.289005755879681
0.0,40.0,-1.4555555555555555,-7.849183277417988
0.0,40.0,-1.5644444444444443,-10.81524276426063
0.0,40.0,-1.6733333333333333,-10.01353815853719
0.0,40.0,-1.7822222222222222,-9.396919728807783
0.0,40.0,-1.891111111111111,-10.483167807689258
0.0,40.0,-2.0,-19.74229674416799
0.0,80.0,-0.01,-5.108123061195183
0.0,80.0,-0.02,-3.7701431856362966
0.0,80.0,-0.03,-3.025110589572818
0.0,80.0,-0.04,-2.496375857089224
0.0,80.0,-0.05,-2.1337566693478514
0.0,80.0,-0.060000000000000005,-1.8559415553396887
0.0,80.0,-0.06999999999999999,-1.606998711710996
0.0,80.0,-0.08,-1.4787968855484905
0.0,80.0,-0.09,-1.3225055147972484
0.0,80.0,-0.09999999999999999,-1.2123202808903362
0.0,80.0,-0.11,-1.1104293563311045
0.0,80.0,-0.12,-1.0604109868896296
0.0,80.0,-0.13,-0.9693129841468476
0.0,80.0,-0.14,-0.9526026525279614
0.0,80.0,-0.15000000000000002,-0.9592821362070265
0.0,80.0,-0.16,-0.9463594703025979
0.0,80.0,-0.17,-0.929615648714521
0.0,80.0,-0.18000000000000002,-0.9420237429828673
0.0,80.0,-0.19,-0.9544111320269661
0.0,80.0,-0.2,-0.9840531480180633
0.0,80.0,-0.21000000000000002,-1.0943753273620014
0.0,80.0,-0.22,-1.1952125690748305
0.0,80.0,-0.23,-1.303480149778309
0.0,80.0,-0.24000000000000002,-1.3539647240984478
0.0,80.0,-0.25,-1.4877136630567767
0.0,80.0,-0.26,-1.6063719407898953
0.0,80.0,-0.29083333333333333,-2.1055005271027474
0.0,80.0,-0.32166666666666666,-2.8032019492913447
0.0,80.0,-0.35250000000000004,-3.8649005733838564
0.0,80.0,-0.38333333333333336,-6.0987126195336545
0.0,80.0,-0.4141666666666667,-6.593241555992507
0.0,80.0,-0.445,-4.511158197593447
0.0,80.0,-0.47583333333333333,-3.7255567385754245
0.0,80.0,-0.5066666666666667,-3.3065765754637053
0.0,80.0,-0.5375000000000001,-3.1225447782801137
0.0,80.0,-0.5683333333333334,-3.064322340483359
0.0,80.0,-0.5991666666666666,-3.2016098228333085
0.0,80.0,-0.63,-3.4075397572776085
0.0,80.0,-0.6608333333333334,-3.785642172611208
0.0,80.0,-0.6916666666666667,-4.299228125528536
0.0,80.0,-0.7225,-5.009202660774576
0.0,80.0,-0.7533333333333334,-6.105338155072229
0.0,80.0,-0.7841666666666667,-8.331555257603245
0.0,80.0,-0.8150000000000001,-8.664414459251766
0.0,80.0,-0.8458333333333333,-6.609444185273957
0.0,80.0,-0.8766666666666667,-5.861815818270397
0.0,80.0,-0.9075,-5.437380629640608
0.0,80.0,-0.9383333333333334,-5.277697774102756
0.0,80.0,-0.9691666666666667,-5.2704037296467305
0.0,80.0,-1.0,-5.375856294529692
0.0,80.0,-1.02,-5.521228207251555
0.0,80.0,-1.1288888888888888,-7.333972609066152
0.0,80.0,-1.2377777777777779,-9.130308081042399
0.0,80.0,-1.3466666666666667,-7.457885570175028
0.0,80.0,-1.4555555555555555,-8.064568680431956
0.0,80.0,-1.5644444444444443,-11.004680418363737
0.0,80.0,-1.6733333333333333,-10.20518432954043
0.0,80.0,-1.7822222222222222,-9.627826616616666
0.0,80.0,-1.891111111111111,-10.766341034473284
0.0,80.0,-2.0,-19.995653196527417
0.0,160.0,-0.01,-5.049697742708765
0.0,160.0,-0.02,-3.75889200886942
0.0,160.0,-0.03,-3.0286663227913224
0.0,160.0,-0.04,-2.4937573836763494
0.0,160.0,-0.05,-2.1355936091415453
0.0,160.0,-0.060000000000000005,-1.8274599946885133
0.0,160.0,-0.06999999999999999,-1.6290825131578235
0.0,160.0,-0.08,-1.4773797318244377
0.0,160.0,-0.09,-1.3363286892162811
0.0,160.0,-0.09999999999999999,-1.1614115188678342
0.0,160.0,-0.11,-1.0701874556636772
0.0,160.0,-0.12,-1.039881552376629
0.0,160.0,-0.13,-0.994479948039449
0.0,160.0,-0.14,-0.9251158056358553
0.0,160.0,-0.15000000000000002,-0.9595797112136765
0.0,160.0,-0.16,-0.952901510674517
0.0,160.0,-0.17,-0.9333647657478172
0.0,160.0,-0.18000000000000002,-0.9784100471371396
0.0,160.0,-0.19,-1.0075661518955161
0.0,160.0,-0.2,-1.0601035143701327
0.0,160.0,-0.21000000000000002,-1.1118025784740952
0.0,160.0,-0.22,-1.1645490172315915
0.0,160.0,-0.23,-1.2776906681704403
0.0,160.0,-0.24000000000000002,-1.3664896139857
0.0,160.0,-0.25,-1.5338940140382227
0.0,160.0,-0.26,-1.621861188853056
0.0,160.0,-0.29083333333333333,-2.1372196293690138
0.0,160.0,-0.32166666666666666,-2.856133233226547
0.0,160.0,-0.35250000000000004,-3.939428473406695
0.0,160.0,-0.38333333333333336,-6.148455715378542
0.0,160.0,-0.4141666666666667,-6.61594487170003
0.0,160.0,-0.445,-4.565441447800592
0.0,160.0,-0.47583333333333333,-3.7441933283517725
0.0,160.0,-0.5066666666666667,-3.3635510920846863
0.0,160.0,-0.5375000000000001,-3.189314282900216
0.0,160.0,-0.5683333333333334,-3.1451918836115462
0.0,160.0,-0.5991666666666666,-3.263293513498823
0.0,160.0,-0.63,-3.474561501938803
0.0,160.0,-0.6608333333333334,-3.8571356984284644
0.0,160.0,-0.6916666666666667,-4.372111834250103
0.0,160.0,-0.7225,-5.0813156412974845
0.0,160.0,-0.7533333333333334,-6.1771962449994895
0.0,160.0,-0.7841666666666667,-8.466080139739727
0.0,160.0,-0.8150000000000001,-8.769435849382251
0.0,160.0,-0.8458333333333333,-6.728439943599885
0.0,160.0,-0.8766666666666667,-5.947502885603091
0.0,160.0,-0.9075,-5.51824719425808
0.0,160.0,-0.9383333333333334,-5.3647188939233565
0.0,160.0,-0.9691666666666667,-5.405469239042316
0.0,160.0,-1.0,-5.5061965191889914
0.0,160.0,-1.02,-5.665581690052971
0.0,160.0,-1.1288888888888888,-7.497983795313855
0.0,160.0,-1.2377777777777779,-9.273267118568096
0.0,160.0,-1.3466666666666667,-7.582722394951766
0.0,160.0,-1.4555555555555555,-8.242152823435811
0.0,160.0,-1.5644444444444443,-11.224871528520438
0.0,160.0,-1.6733333333333333,-10.49846356352984
0.0,160.0,-1.7822222222222222,-9.86812660083099
0.0,160.0,-1.891111111111111,-11.034158594985762
0.0,160.0,-2.0,-20.2759957519298
1.0986122886681098,20.0,-0.01,-5.184327890003932
1.0986122886681098,20.0,-0.02,-3.851978923796068
1.0986122886681098,20.0,-0.03,-3.13825747673274
1.0986122886681098,20.0,-0.04,-2.623720310432966
1.0986122886681098,20.0,-0.05,-2.1759211602344517
1.0986122886681098,20.0,-0.060000000000000005,-1.9541020476347941
1.0986122886681098,20.0,-0.06999999999999999,-1.7207025118688752
1.0986122886681098,20.0,-0.08,-1.4780127959377625
1.0986122886681098,20.0,-0.09,-1.3085659940773606
1.0986122886681098,20.0,-0.09999999999999999,-1.2714043592364075
1.0986122886681098,20.0,-0.11,-1.1614098152791856
1.0986122886681098,20.0,-0.12,-1.0746852400728895
1.0986122886681098,20.0,-0.13,-0.99330854862598
1.0986122886681098,20.0,-0.14,-1.010989249863267
1.0986122886681098,20.0,-0.15000000000000002,-0.9750928882222923
1.0986122886681098,20.0,-0.16,-0.9480498694214492
1.0986122886681098,20.0,-0.17,-0.9619667477161895
1.0986122886681098,20.0,-0.18000000000000002,-0.998312950585114
1.0986122886681098,20.0,-0.19,-1.02625317524864
1.0986122886681098,20.0,-0.2,-1.0962866908808868
1.0986122886681098,20.0,-0.21000000000000002,-1.1311127795600526
1.0986122886681098,20.0,-0.22,-1.2016627564051707
1.0986122886681098,20.0,-0.23,-1.274336437579716
1.0986122886681098,20.0,-0.24000000000000002,-1.385793520208023
1.0986122886681098,20.0,-0.25,-1.474619504463746
1.0986122886681098,20.0,-0.26,-1.5876333242717442
1.0986122886681098,20.0,-0.29083333333333333,-2.0914240343831145
1.0986122886681098,20.0,-0.32166666666666666,-2.78607621798306
1.0986122886681098,20.0,-0.35250000000000004,-3.869333470409173
1.0986122886681098,20.0,-0.38333333333333336,-6.077479487154949
1.0986122886681098,20.0,-0.4141666666666667,-6.5715787888299
1.0986122886681098,20.0,-0.445,-4.442645190983868
1.0986122886681098,20.0,-0.47583333333333333,-3.643989950103104
1.0986122886681098,20.0,-0.5066666666666667,-3.196419374330218
1.0986122886681098,20.0,-0.5375000000000001,-3.022885537213928
1.0986122886681098,20.0,-0.5683333333333334,-3.0162987004766055
1.0986122886681098,20.0,-0.5991666666666666,-3.135262335002535
1.0986122886681098,20.0,-0.63,-3.3566798392567048
1.0986122886681098,20.0,-0.6608333333333334,-3.6505216486707086
1.0986122886681098,20.0,-0.6916666666666667,-4.160413697562407
1.0986122886681098,20.0,-0.7225,-4.861888074100344
1.0986122886681098,20.0,-0.7533333333333334,-5.998767154932342
1.0986122886681098,20.0,-0.7841666666666667,-8.220068868805223
1.0986122886681098,20.0,-0.8150000000000001,-8.494842489860522
1.0986122886681098,20.0,-0.8458333333333333,-6.4958179387675985
1.0986122886681098,20.0,-0.8766666666666667,-5.692034311361375
1.0986122886681098,20.0,-0.9075,-5.281035471087776
1.0986122886681098,20.0,-0.9383333333333334,-5.106096367507654
1.0986122886681098,20.0,-0.9691666666666667,-5.08631449023264
1.0986122886681098,20.0,-1.0,-5.181762088964398
1.0986122886681098,20.0,-1.02,-5.312278103058721
1.0986122886681098,20.0,-1.1288888888888888,-7.108758494474305
1.0986122886681098,20.0,-1.2377777777777779,-8.830503853065224
1.0986122886681098,20.0,-1.3466666666666667,-7.193241494276759
1.0986122886681098,20.0,-1.4555555555555555,-7.722091394263152
1.0986122886681098,20.0,-1.5644444444444443,-10.652755977787068
1.0986122886681098,20.0,-1.6733333333333333,-9.84880991384018
1.0986122886681098,20.0,-1.7822222222222222,-9.226237968948789
1.0986122886681098,20.0,-1.891111111111111,-10.35668552150383
1.0986122886681098,20.0,-2.0,-19.5222022170173
1.0986122886681098,40.0,-0.01,-5.120049211654789
1.0986122886681098,40.0,-0.02,-3.869962736667952
1.0986122886681098,40.0,-0.03,-3.0764044788513756
1.0986122886681098,40.0,-0.04,-2.5929143345684573
1.0986122886681098,40.0,-0.05,-2.2130833083335664
1.0986122886681098,40.0,-0.060000000000000005,-1.9441485795264846
1.0986122886681098,40.0,-0.06999999999999999,-1.701579231411112
1.0986122886681098,40.0,-0.08,-1.4862597766355414
1.0986122886681098,40.0,-0.09,-1.3539101290088669
1.0986122886681098,40.0,-0.09999999999999999,-1.2136089852992742
1.0986122886681098,40.0,-0.11,-1.1321650834725625
1.0986122886681098,40.0,-0.12,-1.075789396982919
1.0986122886681098,40.0,-0.13,-0.9974448848216675
1.0986122886681098,40.0,-0.14,-0.9882996133119879
1.0986122886681098,40.0,-0.15000000000000002,-0.9608412303206801
1.0986122886681098,40.0,-0.16,-0.9781279969276695
1.0986122886681098,40.0,-0.17,-0.9793174041637488
1.0986122886681098,40.0,-0.18000000000000002,-1.0161108512630488
1.0986122886681098,40.0,-0.19,-1.016543877264073
1.0986122886681098,40.0,-0.2,-1.1064999815345555
1.0986122886681098,40.0,-0.21000000000000002,-1.1262337265520965
1.0986122886681098,40.0,-0.22,-1.2170657508361054
1.0986122886681098,40.0,-0.23,-1.2738589109450253
1.0986122886681098,40.0,-0.24000000000000002,-1.379359907860268
1.0986122886681098,40.0,-0.25,-1.468713957926083
1.0986122886681098,40.0,-0.26,-1.615735047330858
1.0986122886681098,40.0,-0.29083333333333333,-2.152710734188492
1.0986122886681098,40.0,-0.32166666666666666,-2.825462125361404
1.0986122886681098,40.0,-0.35250000000000004,-3.9291228445784756
1.0986122886681098,40.0,-0.38333333333333336,-6.127407302843404
1.0986122886681098,40.0,-0.4141666666666667,-6.570757998086263
1.0986122886681098,40.0,-0.445,-4.4843337462055874
1.0986122886681098,40.0,-0.47583333333333333,-3.7084065805260704
1.0986122886681098,40.0,-0.5066666666666667,-3.315215249270752
1.0986122886681098,40.0,-0.5375000000000001,-3.1146295624524742
1.0986122886681098,40.0,-0.5683333333333334,-3.1135538111753784
1.0986122886681098,40.0,-0.5991666666666666,-3.2029053806300443
1.0986122886681098,40.0,-0.63,-3.401947212272938
1.0986122886681098,40.0,-0.6608333333333334,-3.729268466510731
1.0986122886681098,40.0,-0.6916666666666667,-4.235798059734693
1.0986122886681098,40.0,-0.7225,-5.003895747067424
1.0986122886681098,40.0,-0.7533333333333334,-6.04864152295299
1.0986122886681098,40.0,-0.7841666666666667,-8.332304796925925
1.0986122886681098,40.0,-0.8150000000000001,-8.595055328485
1.0986122886681098,40.0,-0.8458333333333333,-6.544961776627382
1.0986122886681098,40.0,-0.8766666666666667,-5.831819633543021
1.0986122886681098,40.0,-0.9075,-5.41035734408673
1.0986122886681098,40.0,-0.9383333333333334,-5.2118274450403685
1.0986122886681098,40.0,-0.9691666666666667,-5.2328772301405575
1.0986122886681098,40.0,-1.0,-5.27522202589037
1.0986122886681098,40.0,-1.02,-5.427692695211172
1.0986122886681098,40.0,-1.1288888888888888,-7.237794542235615
1.0986122886681098,40.0,-1.2377777777777779,-9.029364248257181
1.0986122886681098,40.0,-1.3466666666666667,-7.298739939425993
1.0986122886681098,40.0,-1.4555555555555555,-7.88418705088589
1.0986122886681098,40.0,-1.5644444444444443,-10.854925964110015
1.0986122886681098,40.0,-1.6733333333333333,-10.068434279343716
1.0986122886681098,40.0,-1.7822222222222222,-9.446880521366024
1.0986122886681098,40.0,-1.891111111111111,-10.587400905243868
1.0986122886681098,40.0,-2.0,-19.795390819656742
1.0986122886681098,80.0,-0.01,-5.145634176425199
1.0986122886681098,80.0,-0.02,-3.820991435481759
1.0986122886681098,80.0,-0.03,-3.064444652747453
1.0986122886681098,80.0,-0.04,-2.5996609446670065
1.0986122886681098,80.0,-0.05,-2.20788968930594
1.0986122886681098,80.0,-0.060000000000000005,-1.8883804800029051
1.0986122886681098,80.0,-0.06999999999999999,-1.706067148545044
1.0986122886681098,80.0,-0.08,-1.5263972392412455
1.0986122886681098,80.0,-0.09,-1.3605949747390353
1.0986122886681098,80.0,-0.09999999999999999,-1.2318316726859246
1.0986122886681098,80.0,-0.11,-1.1573352535901813
1.0986122886681098,80.0,-0.12,-1.0612286665631694
1.0986122886681098,80.0,-0.13,-1.0198107378652106
1.0986122886681098,80.0,-0.14,-0.9862524116815901
1.0986122886681098,80.0,-0.15000000000000002,-0.9737142947238969
1.0986122886681098,80.0,-0.16,-0.9344254411049311
1.0986122886681098,80.0,-0.17,-0.9949197738742513
1.0986122886681098,80.0,-0.18000000000000002,-1.0537873346154907
1.0986122886681098,80.0,-0.19,-1.0171912770638645
1.0986122886681098,80.0,-0.2,-1.1064150003907518
1.0986122886681098,80.0,-0.21000000000000002,-1.155436521574066
1.0986122886681098,80.0,-0.22,-1.2041614074103884
1.0986122886681098,80.0,-0.23,-1.347815029418267
1.0986122886681098,80.0,-0.24000000000000002,-1.439282512060853
1.0986122886681098,80.0,-0.25,-1.5584110143263525
1.0986122886681098,80.0,-0.26,-1.6688781358202158
1.0986122886681098,80.0,-0.29083333333333333,-2.1393964734346165
1.0986122886681098,80.0,-0.32166666666666666,-2.844832989140167
1.0986122886681098,80.0,-0.35250000000000004,-3.9356253088464435
1.0986122886681098,80.0,-0.38333333333333336,-6.185039522993815
1.0986122886681098,80.0,-0.4141666666666667,-6.691201542417791
1.0986122886681098,80.0,-0.445,-4.5442886652625285
1.0986122886681098,80.0,-0.47583333333333333,-3.7564292147875094
1.0986122886681098,80.0,-0.5066666666666667,-3.342593316281312
1.0986122886681098,80.0,-0.5375000000000001,-3.1623606691727275
1.0986122886681098,80.0,-0.5683333333333334,-3.1518467245471884
1.0986122886681098,80.0,-0.5991666666666666,-3.243943265988655
1.0986122886681098,80.0,-0.63,-3.477540934449174
1.0986122886681098,80.0,-0.6608333333333334,-3.8199855809618013
1.0986122886681098,80.0,-0.6916666666666667,-4.344553329890999
1.0986122886681098,80.0,-0.7225,-5.048423168239962
1.0986122886681098,80.0,-0.7533333333333334,-6.141828726281781
1.0986122886681098,80.0,-0.7841666666666667,-8.412644697177006
1.0986122886681098,80.0,-0.8150000000000001,-8.710792163545177
1.0986122886681098,80.0,-0.8458333333333333,-6.670721238667447
1.0986122886681098,80.0,-0.8766666666666667,-5.90400466498037
1.0986122886681098,80.0,-0.9075,-5.513293547678061
1.0986122886681098,80.0,-0.9383333333333334,-5.323737027017796
1.0986122886681098,80.0,-0.9691666666666667,-5.362062793548057
1.0986122886681098,80.0,-1.0,-5.455901105001884
1.0986122886681098,80.0,-1.02,-5.592706775725229
1.0986122886681098,80.0,-1.1288888888888888,-7.444496989926165
1.0986122886681098,80.0,-1.2377777777777779,-9.189704314672094
1.0986122886681098,80.0,-1.3466666666666667,-7.4733153913385335
1.0986122886681098,80.0,-1.4555555555555555,-8.099638224706622
1.0986122886681098,80.0,-1.5644444444444443,-11.059106989512747
1.0986122886681098,80.0,-1.6733333333333333,-10.269912419167829
1.0986122886681098,80.0,-1.7822222222222222,-9.659403340676187
1.0986122886681098,80.0,-1.891111111111111,-10.820281641079013
1.0986122886681098,80.0,-2.0,-20.029228615961486
1.0986122886681098,160.0,-0.01,-5.128905858807625
1.0986122886681098,160.0,-0.02,-3.8349582378066525
1.0986122886681098,160.0,-0.03,-3.087266399652028
1.0986122886681098,160.0,-0.04,-2.6004245025622525
1.0986122886681098,160.0,-0.05,-2.216862029418856
1.0986122886681098,160.0,-0.060000000000000005,-1.9202660627233272
1.0986122886681098,160.0,-0.06999999999999999,-1.671606115948095
1.0986122886681098,160.0,-0.08,-1.4734055690001138
1.0986122886681098,160.0,-0.09,-1.3915397499723139
1.0986122886681098,160.0,-0.09999999999999999,-1.2415041425806665
1.0986122886681098,160.0,-0.11,-1.1804022632958993
1.0986122886681098,160.0,-0.12,-1.0817278407751183
1.0986122886681098,160.0,-0.13,-1.0443685490638892
1.0986122886681098,160.0,-0.14,-1.0458934224310554
1.0986122886681098,160.0,-0.15000000000000002,-0.9738034721748424
1.0986122886681098,160.0,-0.16,-1.0020375989849808
1.0986122886681098,160.0,-0.17,-1.0118399208424744
1.0986122886681098,160.0,-0.18000000000000002,-1.0468436073391472
1.0986122886681098,160.0,-0.19,-1.0754799945282714
1.0986122886681098,160.0,-0.2,-1.1032074620191499
1.0986122886681098,160.0,-0.21000000000000002,-1.1772695707022074
1.0986122886681098,160.0,-0.22,-1.2410560288456218
1.0986122886681098,160.0,-0.23,-1.3271945436633037
1.0986122886681098,160.0,-0.24000000000000002,-1.407885771174079
1.0986122886681098,160.0,-0.25,-1.5546769094682955
1.0986122886681098,160.0,-0.26,-1.705354591584774
1.0986122886681098,160.0,-0.29083333333333333,-2.153941190065122
1.0986122886681098,160.0,-0.32166666666666666,-2.8933173498934255
1.0986122886681098,160.0,-0.35250000000000004,-3.9545041916099786
1.0986122886681098,160.0,-0.38333333333333336,-6.189036318734282
1.0986122886681098,160.0,-0.4141666666666667,-6.691816287584622
1.0986122886681098,160.0,-0.445,-4.586868689998281
1.0986122886681098,160.0,-0.47583333333333333,-3.76071632143454
1.0986122886681098,160.0,-0.5066666666666667,-3.367258707270345
1.0986122886681098,160.0,-0.5375000000000001,-3.2363038127437265
1.0986122886681098,160.0,-0.5683333333333334,-3.2169738426847028
1.0986122886681098,160.0,-0.5991666666666666,-3.3074616335229794
1.0986122886681098,160.0,-0.63,-3.5731532991764103
1.0986122886681098,160.0,-0.6608333333333334,-3.9023147918245065
1.0986122886681098,160.0,-0.6916666666666667,-4.413640853409173
1.0986122886681098,160.0,-0.7225,-5.1254909151641295
1.0986122886681098,160.0,-0.7533333333333334,-6.253644171377307
1.0986122886681098,160.0,-0.7841666666666667,-8.556333571208386
1.0986122886681098,160.0,-0.8150000000000001,-8.844138371090816
1.0986122886681098,160.0,-0.8458333333333333,-6.807528035925641
1.0986122886681098,160.0,-0.8766666666666667,-6.016171572338061
1.0986122886681098,160.0,-0.9075,-5.629391121175139
1.0986122886681098,160.0,-0.9383333333333334,-5.418441777333806
1.0986122886681098,160.0,-0.9691666666666667,-5.4212151190663995
1.0986122886681098,160.0,-1.0,-5.574621288718245
1.0986122886681098,160.0,-1.02,-5.684289295400617
1.0986122886681098,160.0,-1.1288888888888888,-7.549241834194998
1.0986122886681098,160.0,-1.2377777777777779,-9.34019710983411
1.0986122886681098,160.0,-1.3466666666666667,-7.658063568814628
1.0986122886681098,160.0,-1.4555555555555555,-8.270118338774838
1.0986122886681098,160.0,-1.5644444444444443,-11.273504383830167
1.0986122886681098,160.0,-1.6733333333333333,-10.489171366713787
1.0986122886681098,160.0,-1.7822222222222222,-9.942642661376347
1.0986122886681098,160.0,-1.891111111111111,-11.067714139934731
1.0986122886681098,160.0,-2.0,-20.268384103283967
1.6094379124341003,20.0,-0.01,-5.187870360776374
1.6094379124341003,20.0,-0.02,-3.8469706637671925
1.6094379124341003,20.0,-0.03,-3.1268137865304424
1.6094379124341003,20.0,-0.04,-2.60830514480685
1.6094379124341003,20.0,-0.05,-2.2451830475511705
1.6094379124341003,20.0,-0.060000000000000005,-1.9573030288208968
1.6094379124341003,20.0,-0.06999999999999999,-1.7398977294225901
1.6094379124341003,20.0,-0.08,-1.531686320513337
1.6094379124341003,20.0,-0.09,-1.4092393624341837
1.6094379124341003,20.0,-0.09999999999999999,-1.2602026031219318
1.6094379124341003,20.0,-0.11,-1.1578803772428061
1.6094379124341003,20.0,-0.12,-1.0997270041352545
1.6094379124341003,20.0,-0.13,-1.059148757373505
1.6094379124341003,20.0,-0.14,-1.007714077896828
1.6094379124341003,20.0,-0.15000000000000002,-1.0019020736026778
1.6094379124341003,20.0,-0.16,-0.9704269596216806
1.6094379124341003,20.0,-0.17,-1.0328314720781238
1.6094379124341003,20.0,-0.18000000000000002,-1.0230432577111845
1.6094379124341003,20.0,-0.19,-1.0889342370490984
1.6094379124341003,20.0,-0.2,-1.1242312725063306
1.6094379124341003,20.0,-0.21000000000000002,-1.1246133412725805
1.6094379124341003,20.0,-0.22,-1.2039725881538577
1.6094379124341003,20.0,-0.23,-1.3189107212262365
1.6094379124341003,20.0,-0.24000000000000002,-1.4302783261407601
1.6094379124341003,20.0,-0.25,-1.568882132859781
1.6094379124341003,20.0,-0.26,-1.6442988319750929
1.6094379124341003,20.0,-0.29083333333333333,-2.071665601879835
1.6094379124341003,20.0,-0.32166666666666666,-2.8099549419100702
1.6094379124341003,20.0,-0.35250000000000004,-3.9071293042700193
1.6094379124341003,20.0,-0.38333333333333336,-6.09372085201507
1.6094379124341003,20.0,-0.4141666666666667,-6.61390807640723
1.6094379124341003,20.0,-0.445,-4.480462824659586
1.6094379124341003,20.0,-0.47583333333333333,-3.6655959498628192
1.6094379124341003,20.0,-0.5066666666666667,-3.2655460347335503
1.6094379124341003,20.0,-0.5375000000000001,-3.0640777940179302
1.6094379124341003,20.0,-0.5683333333333334,-3.0426640081913137
1.6094379124341003,20.0,-0.5991666666666666,-3.132175951634779
1.6094379124341003,20.0,-0.63,-3.3737403366499508
1.6094379124341003,20.0,-0.6608333333333334,-3.681929480752575
1.6094379124341003,20.0,-0.6916666666666667,-4.15863122430117
1.6094379124341003,20.0,-0.7225,-4.916435213749504
1.6094379124341003,20.0,-0.7533333333333334,-6.007170629495447
1.6094379124341003,20.0,-0.7841666666666667,-8.237443232898281
1.6094379124341003,20.0,-0.8150000000000001,-8.53329905754701
1.6094379124341003,20.0,-0.8458333333333333,-6.471074178426277
1.6094379124341003,20.0,-0.8766666666666667,-5.716995810638519
1.6094379124341003,20.0,-0.9075,-5.282750184837792
1.6094379124341003,20.0,-0.9383333333333334,-5.130057268326969
1.6094379124341003,20.0,-0.9691666666666667,-5.100847771238415
1.6094379124341003,20.0,-1.0,-5.17393924435798
1.6094379124341003,20.0,-1.02,-5.340015246231765
1.6094379124341003,20.0,-1.1288888888888888,-7.156173467823153
1.6094379124341003,20.0,-1.2377777777777779,-8.894446257873955
1.6094379124341003,20.0,-1.3466666666666667,-7.158402927633569
1.6094379124341003,20.0,-1.4555555555555555,-7.7742108516048685
1.6094379124341003,20.0,-1.5644444444444443,-10.669078089349792
1.6094379124341003,20.0,-1.6733333333333333,-9.891046501174577
1.6094379124341003,20.0,-1.7822222222222222,-9.221384705295991
1.6094379124341003,20.0,-1.891111111111111,-10.394977573140567
1.6094379124341003,20.0,-2.0,-19.570034723381966
1.6094379124341003,40.0,-0.01,-5.213866860151055
1.6094379124341003,40.0,-0.02,-3.8813513790852077
1.6094379124341003,40.0,-0.03,-3.1142690022914605
1.6094379124341003,40.0,-0.04,-2.615469643803294
1.6094379124341003,40.0,-0.05,-2.2424656539842496
1.6094379124341003,40.0,-0.060000000000000005,-1.9518155879283063
1.6094379124341003,40.0,-0.06999999999999999,-1.7163636243398952
1.6094379124341003,40.0,-0.08,-1.5579726705566823
1.6094379124341003,40.0,-0.09,-1.3769675222189393
1.6094379124341003,40.0,-0.09999999999999999,-1.2605431791880626
1.6094379124341003,40.0,-0.11,-1.173553843687294
1.6094379124341003,40.0,-0.12,-1.098981742894785
1.6094379124341003,40.0,-0.13,-1.0519364965171496
1.6094379124341003,40.0,-0.14,-0.9819192916204319
1.6094379124341003,40.0,-0.15000000000000002,-1.0046841584659711
1.6094379124341003,40.0,-0.16,-1.0038795234119662
1.6094379124341003,40.0,-0.17,-1.02126015327638
1.6094379124341003,40.0,-0.18000000000000002,-1.0483489093968992
1.6094379124341003,40.0,-0.19,-1.086766272896291
1.6094379124341003,40.0,-0.2,-1.1262511365251762
1.6094379124341003,40.0,-0.21000000000000002,-1.1688356222217904
1.6094379124341003,40.0,-0.22,-1.2321081083043472
1.6094379124341003,40.0,-0.23,-1.321802292831628
1.6094379124341003,40.0,-0.24000000000000002,-1.435229274371787
1.6094379124341003,40.0,-0.25,-1.5126644709869193
1.6094379124341003,40.0,-0.26,-1.6411035688959115
1.6094379124341003,40.0,-0.29083333333333333,-2.150004176412167
1.6094379124341003,40.0,-0.32166666666666666,-2.8627226659850336
1.6094379124341003,40.0,-0.35250000000000004,-3.9202554234982823
1.6094379124341003,40.0,-0.38333333333333336,-6.138823515434656
1.6094379124341003,40.0,-0.4141666666666667,-6.655486393128397
1.6094379124341003,40.0,-0.445,-4.52398530873153
1.6094379124341003,40.0,-0.47583333333333333,-3.714728536901308
1.6094379124341003,40.0,-0.5066666666666667,-3.338476078859998
1.6094379124341003,40.0,-0.5375000000000001,-3.13702961764155
1.6094379124341003,40.0,-0.5683333333333334,-3.143860339081211
1.6094379124341003,40.0,-0.5991666666666666,-3.188300134270169
1.6094379124341003,40.0,-0.63,-3.4087696831910734
1.6094379124341003,40.0,-0.6608333333333334,-3.782966335107224
1.6094379124341003,40.0,-0.6916666666666667,-4.2662454836107
1.6094379124341003,40.0,-0.7225,-5.0318096773997585
1.6094379124341003,40.0,-0.7533333333333334,-6.103397091927201
1.6094379124341003,40.0,-0.7841666666666667,-8.365162327981919
1.6094379124341003,40.0,-0.8150000000000001,-8.65031707580929
1.6094379124341003,40.0,-0.8458333333333333,-6.588539321796092
1.6094379124341003,40.0,-0.8766666666666667,-5.776150218580266
1.6094379124341003,40.0,-0.9075,-5.447608851159794
1.6094379124341003,40.0,-0.9383333333333334,-5.26593612076624
1.6094379124341003,40.0,-0.9691666666666667,-5.22207765597358
1.6094379124341003,40.0,-1.0,-5.298059965069748
1.6094379124341003,40.0,-1.02,-5.485048594904282
1.6094379124341003,40.0,-1.1288888888888888,-7.2752867806946435
1.6094379124341003,40.0,-1.2377777777777779,-9.007060679198782
1.6094379124341003,40.0,-1.3466666666666667,-7.373591677377203
1.6094379124341003,40.0,-1.4555555555555555,-7.956719147330887
1.6094379124341003,40.0,-1.5644444444444443,-10.893596937830274
1.6094379124341003,40.0,-1.6733333333333333,-10.109075346643099
1.6094379124341003,40.0,-1.7822222222222222,-9.461576641584886
1.6094379124341003,40.0,-1.891111111111111,-10.590842086740963
1.6094379124341003,40.0,-2.0,-19.853480768433077
1.6094379124341003,80.0,-0.01,-5.157816798906435
1.6094379124341003,80.0,-0.02,-3.865751371704241
1.6094379124341003,80.0,-0.03,-3.0844934745351336
1.6094379124341003,80.0,-0.04,-2.616583254944476
1.6094379124341003,80.0,-0.05,-2.2436630955498926
1.6094379124341003,80.0,-0.060000000000000005,-1.9327282399282932
1.6094379124341003,80.0,-0.06999999999999999,-1.7014781355103537
1.6094379124341003,80.0,-0.08,-1.5265315328050144
1.6094379124341003,80.0,-0.09,-1.4238943261116548
1.6094379124341003,80.0,-0.09999999999999999,-1.2634999688853654
1.6094379124341003,80.0,-0.11,-1.2037912169231821
1.6094379124341003,80.0,-0.12,-1.1086436373284434
1.6094379124341003,80.0,-0.13,-1.090962587412822
1.6094379124341003,80.0,-0.14,-1.0197036512568296
1.6094379124341003,80.0,-0.15000000000000002,-1.0264698840248259
1.6094379124341003,80.0,-0.16,-1.0321724773053627
1.6094379124341003,80.0,-0.17,-1.002081418555582
1.6094379124341003,80.0,-0.18000000000000002,-1.0344252795289248
1.6094379124341003,80.0,-0.19,-1.0870971815103647
1.6094379124341003,80.0,-0.2,-1.0937787159794936
1.6094379124341003,80.0,-0.21000000000000002,-1.191948460080621
1.6094379124341003,80.0,-0.22,-1.2552515488164795
1.6094379124341003,80.0,-0.23,-1.3359328508318158
1.6094379124341003,80.0,-0.24000000000000002,-1.4521841676496017
1.6094379124341003,80.0,-0.25,-1.5425040109042762
1.6094379124341003,80.0,-0.26,-1.689205738151301
1.6094379124341003,80.0,-0.29083333333333333,-2.1819632531875803
1.6094379124341003,80.0,-0.32166666666666666,-2.853605174388655
1.6094379124341003,80.0,-0.35250000000000004,-3.9875037946715626
1.6094379124341003,80.0,-0.38333333333333336,-6.230581093122858
1.6094379124341003,80.0,-0.4141666666666667,-6.6383220149732
1.6094379124341003,80.0,-0.445,-4.519930459106496
1.6094379124341003,80.0,-0.47583333333333333,-3.7806403606120287
1.6094379124341003,80.0,-0.5066666666666667,-3.4160590737163474
1.6094379124341003,80.0,-0.5375000000000001,-3.2081507024093714
1.6094379124341003,80.0,-0.5683333333333334,-3.185877293373475
1.6094379124341003,80.0,-0.5991666666666666,-3.2884856857049165
1.6094379124341003,80.0,-0.63,-3.5299342039582116
1.6094379124341003,80.0,-0.6608333333333334,-3.8445369334126003
1.6094379124341003,80.0,-0.6916666666666667,-4.345510998316179
1.6094379124341003,80.0,-0.7225,-5.100260333548019
1.6094379124341003,80.0,-0.7533333333333334,-6.157321594769321
1.6094379124341003,80.0,-0.7841666666666667,-8.413542848234737
1.6094379124341003,80.0,-0.8150000000000001,-8.725019414640242
1.6094379124341003,80.0,-0.8458333333333333,-6.713432368211759
1.6094379124341003,80.0,-0.8766666666666667,-5.9270692346185125
1.6094379124341003,80.0,-0.9075,-5.5241788501804265
1.6094379124341003,80.0,-0.9383333333333334,-5.400482121156722
1.6094379124341003,80.0,-0.9691666666666667,-5.344455053255728
1.6094379124341003,80.0,-1.0,-5.463322218617945
1.6094379124341003,80.0,-1.02,-5.551647848705551
1.6094379124341003,80.0,-1.1288888888888888,-7.426849403393598
1.6094379124341003,80.0,-1.2377777777777779,-9.168322554834898
1.6094379124341003,80.0,-1.3466666666666667,-7.5359201644770275
1.6094379124341003,80.0,-1.4555555555555555,-8.107736641231215
1.6094379124341003,80.0,-1.5644444444444443,-11.082216067064058
1.6094379124341003,80.0,-1.6733333333333333,-10.33461899524764
1.6094379124341003,80.0,-1.7822222222222222,-9.7079504222171
1.6094379124341003,80.0,-1.891111111111111,-10.820189786836158
1.6094379124341003,80.0,-2.0,-20.088317449026903
1.6094379124341003,160.0,-0.01,-5.1901289261480015
1.6094379124341003,160.0,-0.02,-3.8441028110479514
1.6094379124341003,160.0,-0.03,-3.118968135692203
1.6094379124341003,160.0,-0.04,-2.6032018722725296
1.6094379124341003,160.0,-0.05,-2.226272388926185
1.6094379124341003,160.0,-0.060000000000000005,-1.9727600544704484
1.6094379124341003,160.0,-0.06999999999999999,-1.7455322643103803
1.6094379124341003,160.0,-0.08,-1.5237209101012221
1.6094379124341003,160.0,-0.09,-1.3998917747764663
1.6094379124341003,160.0,-0.09999999999999999,-1.3261968599705758
1.6094379124341003,160.0,-0.11,-1.1694357849688852
1.6094379124341003,160.0,-0.12,-1.1113156686271972
1.6094379124341003,160.0,-0.13,-1.081565593719164
1.6094379124341003,160.0,-0.14,-1.0611531913235692
1.6094379124341003,160.0,-0.15000000000000002,-1.001194535268225
1.6094379124341003,160.0,-0.16,-1.0084918534658969
1.6094379124341003,160.0,-0.17,-0.9790511516096218
1.6094379124341003,160.0,-0.18000000000000002,-1.042586068327154
1.6094379124341003,160.0,-0.19,-1.0801815473575793
1.6094379124341003,160.0,-0.2,-1.1406451106235187
1.6094379124341003,160.0,-0.21000000000000002,-1.1826904477277629
1.6094379124341003,160.0,-0.22,-1.2606688460546078
1.6094379124341003,160.0,-0.23,-1.3349397617588763
1.6094379124341003,160.0,-0.24000000000000002,-1.4702667438456873
1.6094379124341003,160.0,-0.25,-1.5820706170981864
1.6094379124341003,160.0,-0.26,-1.7109407798543983
1.6094379124341003,160.0,-0.29083333333333333,-2.1850108851612817
1.6094379124341003,160.0,-0.32166666666666666,-2.8822613788338454
1.6094379124341003,160.0,-0.35250000000000004,-4.0115141315528104
1.6094379124341003,160.0,-0.38333333333333336,-6.230740616742093
1.6094379124341003,160.0,-0.4141666666666667,-6.708453273691459
1.6094379124341003,160.0,-0.445,-4.624300719067764
1.6094379124341003,160.0,-0.47583333333333333,-3.806236780762568
1.6094379124341003,160.0,-0.5066666666666667,-3.4793751448521006
1.6094379124341003,160.0,-0.5375000000000001,-3.2797668175730195
1.6094379124341003,160.0,-0.5683333333333334,-3.2613672624185726
1.6094379124341003,160.0,-0.5991666666666666,-3.4009348381083293
1.6094379124341003,160.0,-0.63,-3.6010541285967386
1.6094379124341003,160.0,-0.6608333333333334,-3.952820602782089
1.6094379124341003,160.0,-0.6916666666666667,-4.442686970728771
1.6094379124341003,160.0,-0.7225,-5.135051042748374
1.6094379124341003,160.0,-0.7533333333333334,-6.267419289470433
1.6094379124341003,160.0,-0.7841666666666667,-8.57069977693593
1.6094379124341003,160.0,-0.8150000000000001,-8.82935907438356
1.6094379124341003,160.0,-0.8458333333333333,-6.789738162425321
1.6094379124341003,160.0,-0.8766666666666667,-6.0520585241498726
1.6094379124341003,160.0,-0.9075,-5.667280068308893
1.6094379124341003,160.0,-0.9383333333333334,-5.47155670258521
1.6094379124341003,160.0,-0.9691666666666667,-5.473306989967461
1.6094379124341003,160.0,-1.0,-5.567971053765524
1.6094379124341003,160.0,-1.02,-5.717057681473842
1.6094379124341003,160.0,-1.1288888888888888,-7.5526082776945
1.6094379124341003,160.0,-1.2377777777777779,-9.38075267654242
1.6094379124341003,160.0,-1.3466666666666667,-7.687553056007001
1.6094379124341003,160.0,-1.4555555555555555,-8.312256842589907
1.6094379124341003,160.0,-1.5644444444444443,-11.316578313822868
1.6094379124341003,160.0,-1.6733333333333333,-10.567259237514147
1.6094379124341003,160.0,-1.7822222222222222,-9.931630197336304
1.6094379124341003,160.0,-1.891111111111111,-11.100401250014635
1.6094379124341003,160.0,-2.0,-20.36632446463713
2.302585092994046,20.0,-0.01,-5.228912893395344
2.302585092994046,20.0,-0.02,-3.8877319357803275
2.302585092994046,20.0,-0.03,-3.2089163060293426
2.302585092994046,20.0,-0.04,-2.68451081953951
2.302585092994046,20.0,-0.05,-2.2971624715292194
2.302585092994046,20.0,-0.060000000000000005,-1.9593286588912038
2.302585092994046,20.0,-0.06999999999999999,-1.7533137008576931
2.302585092994046,20.0,-0.08,-1.5596033619112608
2.302585092994046,20.0,-0.09,-1.4496691960609902
2.302585092994046,20.0,-0.09999999999999999,-1.3305623843816083
2.302585092994046,20.0,-0.11,-1.2052872020252676
2.302585092994046,20.0,-0.12,-1.1405495046892875
2.302585092994046,20.0,-0.13,-1.077106365353106
2.302585092994046,20.0,-0.14,-1.0552041683295685
2.302585092994046,20.0,-0.15000000000000002,-1.0248230969906544
2.302585092994046,20.0,-0.16,-1.0206328794608788
2.302585092994046,20.0,-0.17,-1.0153053616401202
2.302585092994046,20.0,-0.18000000000000002,-1.0348483037379197
2.302585092994046,20.0,-0.19,-1.1161727960624515
2.302585092994046,20.0,-0.2,-1.1739327860366011
2.302585092994046,20.0,-0.21000000000000002,-1.1665130369438257
2.302585092994046,20.0,-0.22,-1.2327791449560497
2.302585092994046,20.0,-0.23,-1.3595909359788048
2.302585092994046,20.0,-0.24000000000000002,-1.4720823241788523
2.302585092994046,20.0,-0.25,-1.5422682187108014
2.302585092994046,20.0,-0.26,-1.6494695163174269
2.302585092994046,20.0,-0.29083333333333333,-2.1187793707040945
2.302585092994046,20.0,-0.32166666666666666,-2.8429840349253115
2.302585092994046,20.0,-0.35250000000000004,-3.9380295515087407
2.302585092994046,20.0,-0.38333333333333336,-6.155542427664771
2.302585092994046,20.0,-0.4141666666666667,-6.6171172425419265
2.302585092994046,20.0,-0.445,-4.515159010511336
2.302585092994046,20.0,-0.47583333333333333,-3.722544216465707
2.302585092994046,20.0,-0.5066666666666667,-3.257506267707861
2.302585092994046,20.0,-0.5375000000000001,-3.0788479074382873
2.302585092994046,20.0,-0.5683333333333334,-3.0614932980729237
2.302585092994046,20.0,-0.5991666666666666,-3.198616838981119
2.302585092994046,20.0,-0.63,-3.377529863547388
2.302585092994046,20.0,-0.6608333333333334,-3.721750619758825
2.302585092994046,20.0,-0.6916666666666667,-4.217016409797567
2.302585092994046,20.0,-0.7225,-4.906696277043598
2.302585092994046,20.0,-0.7533333333333334,-6.011366652551929
2.302585092994046,20.0,-0.7841666666666667,-8.284015993926596
2.302585092994046,20.0,-0.8150000000000001,-8.551391411173661
2.302585092994046,20.0,-0.8458333333333333,-6.526992137135563
2.302585092994046,20.0,-0.8766666666666667,-5.778474678022956
2.302585092994046,20.0,-0.9075,-5.344836033842991
2.302585092994046,20.0,-0.9383333333333334,-5.178468182868059
2.302585092994046,20.0,-0.9691666666666667,-5.166266525885667
2.302585092994046,20.0,-1.0,-5.206254631433359
2.302585092994046,20.0,-1.02,-5.332857288893165
2.302585092994046,20.0,-1.1288888888888888,-7.144823972926739
2.302585092994046,20.0,-1.2377777777777779,-8.915028064404268
2.302585092994046,20.0,-1.3466666666666667,-7.175094463255376
2.302585092994046,20.0,-1.4555555555555555,-7.777311965577219
2.302585092994046,20.0,-1.5644444444444443,-10.712428920892858
2.302585092994046,20.0,-1.6733333333333333,-9.936797861259459
2.302585092994046,20.0,-1.7822222222222222,-9.271058491448683
2.302585092994046,20.0,-1.891111111111111,-10.380542007502065
2.302585092994046,20.0,-2.0,-19.61501380924457
2.302585092994046,40.0,-0.01,-5.215818798390701
2.302585092994046,40.0,-0.02,-3.9010787400630624
2.302585092994046,40.0,-0.03,-3.1179284560087437
2.302585092994046,40.0,-0.04,-2.628658203752028
2.302585092994046,40.0,-0.05,-2.2718265528514574
2.302585092994046,40.0,-0.060000000000000005,-1.978313503332681
2.302585092994046,40.0,-0.06999999999999999,-1.7542045006182072
2.302585092994046,40.0,-0.08,-1.5765175884417284
2.302585092994046,40.0,-0.09,-1.4474104180126837
2.302585092994046,40.0,-0.09999999999999999,-1.3114748951759083
2.302585092994046,40.0,-0.11,-1.2308339266014638
2.302585092994046,40.0,-0.12,-1.1697760815562706
2.302585092994046,40.0,-0.13,-1.0822977792703694
2.302585092994046,40.0,-0.14,-1.0494528235043858
2.302585092994046,40.0,-0.15000000000000002,-1.0733337843002797
2.302585092994046,40.0,-0.16,-1.0348489108231747
2.302585092994046,40.0,-0.17,-1.0209329329792312
2.302585092994046,40.0,-0.18000000000000002,-1.0411765402354134
2.302585092994046,40.0,-0.19,-1.076017459314562
2.302585092994046,40.0,-0.2,-1.142354285150526
2.302585092994046,40.0,-0.21000000000000002,-1.2189802801761296
2.302585092994046,40.0,-0.22,-1.29512534644946
2.302585092994046,40.0,-0.23,-1.3505903949356615
2.302585092994046,40.0,-0.24000000000000002,-1.446990327163887
2.302585092994046,40.0,-0.25,-1.5395788990632147
2.302585092994046,40.0,-0.26,-1.668549588363086
2.302585092994046,40.0,-0.29083333333333333,-2.1841131424223477
2.302585092994046,40.0,-0.32166666666666666,-2.909205819696954
2.302585092994046,40.0,-0.35250000000000004,-3.9722634728830934
2.302585092994046,40.0,-0.38333333333333336,-6.172895722316166
2.302585092994046,40.0,-0.4141666666666667,-6.665222871875883
2.302585092994046,40.0,-0.445,-4.5688409448013925
2.302585092994046,40.0,-0.47583333333333333,-3.7495689158713947
2.302585092994046,40.0,-0.5066666666666667,-3.3652186969864526
2.302585092994046,40.0,-0.5375000000000001,-3.188045166200804
2.302585092994046,40.0,-0.5683333333333334,-3.1431921917179837
2.302585092994046,40.0,-0.5991666666666666,-3.2577210669009933
2.302585092994046,40.0,-0.63,-3.4635039541406925
2.302585092994046,40.0,-0.6608333333333334,-3.80710926699212
2.302585092994046,40.0,-0.6916666666666667,-4.330960509417311
2.302585092994046,40.0,-0.7225,-5.027893419589066
2.302585092994046,40.0,-0.7533333333333334,-6.086171958951564
2.302585092994046,40.0,-0.7841666666666667,-8.41718569886156
2.302585092994046,40.0,-0.8150000000000001,-8.705864863388161
2.302585092994046,40.0,-0.8458333333333333,-6.674721513541553
2.302585092994046,40.0,-0.8766666666666667,-5.8501713092916905
2.302585092994046,40.0,-0.9075,-5.458115570238552
2.302585092994046,40.0,-0.9383333333333334,-5.286196428821034
2.302585092994046,40.0,-0.9691666666666667,-5.237160185789206
2.302585092994046,40.0,-1.0,-5.418396335729796
2.302585092994046,40.0,-1.02,-5.487339790192865
2.302585092994046,40.0,-1.1288888888888888,-7.283696098132709
2.302585092994046,40.0,-1.2377777777777779,-9.100699630540877
2.302585092994046,40.0,-1.3466666666666667,-7.3828099836774115
2.302585092994046,40.0,-1.4555555555555555,-7.980812960566539
2.302585092994046,40.0,-1.5644444444444443,-10.937669085650606
2.302585092994046,40.0,-1.6733333333333333,-10.139846177514446
2.302585092994046,40.0,-1.7822222222222222,-9.483936320694266
2.302585092994046,40.0,-1.891111111111111,-10.593584906655627
2.302585092994046,40.0,-2.0,-19.859357670769032
2.302585092994046,80.0,-0.01,-5.164681161711159
2.302585092994046,80.0,-0.02,-3.888146423445433
2.302585092994046,80.0,-0.03,-3.1095659573679337
2.302585092994046,80.0,-0.04,-2.6405548362368045
2.302585092994046,80.0,-0.05,-2.2629669923949223
2.302585092994046,80.0,-0.060000000000000005,-1.9708987417195245
2.302585092994046,80.0,-0.06999999999999999,-1.687816950597739
2.302585092994046,80.0,-0.08,-1.55312516761484
2.302585092994046,80.0,-0.09,-1.4389850293909854
2.302585092994046,80.0,-0.09999999999999999,-1.2895380593064107
2.302585092994046,80.0,-0.11,-1.2249990656593783
2.302585092994046,80.0,-0.12,-1.1578015222462301
2.302585092994046,80.0,-0.13,-1.0789732305349957
2.302585092994046,80.0,-0.14,-1.0626657414802654
2.302585092994046,80.0,-0.15000000000000002,-1.0394237466764398
2.302585092994046,80.0,-0.16,-1.0408974388908439
2.302585092994046,80.0,-0.17,-1.0442835177811185
2.302585092994046,80.0,-0.18000000000000002,-1.0654162110417345
2.302585092994046,80.0,-0.19,-1.1482143431646126
2.302585092994046,80.0,-0.2,-1.1441281986157215
2.302585092994046,80.0,-0.21000000000000002,-1.2374331590738294
2.302585092994046,80.0,-0.22,-1.3193970440350837
2.302585092994046,80.0,-0.23,-1.3771367036905586
2.302585092994046,80.0,-0.24000000000000002,-1.4727685879287378
2.302585092994046,80.0,-0.25,-1.600454219091718
2.302585092994046,80.0,-0.26,-1.6965734130826446
2.302585092994046,80.0,-0.29083333333333333,-2.2352313490986715
2.302585092994046,80.0,-0.32166666666666666,-2.92365426118817
2.302585092994046,80.0,-0.35250000000000004,-4.013046915347972
2.302585092994046,80.0,-0.38333333333333336,-6.217914590939051
2.302585092994046,80.0,-0.4141666666666667,-6.6996208282084915
2.302585092994046,80.0,-0.445,-4.625732236179105
2.302585092994046,80.0,-0.47583333333333333,-3.7927066807819148
2.302585092994046,80.0,-0.5066666666666667,-3.410719624565247
2.302585092994046,80.0,-0.5375000000000001,-3.274437306979688
2.302585092994046,80.0,-0.5683333333333334,-3.2539820222125995
2.302585092994046,80.0,-0.5991666666666666,-3.319590953771055
2.302585092994046,80.0,-0.63,-3.546743148503499
2.302585092994046,80.0,-0.6608333333333334,-3.89285391756162
2.302585092994046,80.0,-0.6916666666666667,-4.391218153980502
2.302585092994046,80.0,-0.7225,-5.100518383389426
2.302585092994046,80.0,-0.7533333333333334,-6.18700989623425
2.302585092994046,80.0,-0.7841666666666667,-8.511476004920002
2.302585092994046,80.0,-0.8150000000000001,-8.786555412174996
2.302585092994046,80.0,-0.8458333333333333,-6.763209701156134
2.302585092994046,80.0,-0.8766666666666667,-5.953108196014985
2.302585092994046,80.0,-0.9075,-5.546242396974867
2.302585092994046,80.0,-0.9383333333333334,-5.409152836839365
2.302585092994046,80.0,-0.9691666666666667,-5.432434223226464
2.302585092994046,80.0,-1.0,-5.524250155908893
2.302585092994046,80.0,-1.02,-5.63992244244859
2.302585092994046,80.0,-1.1288888888888888,-7.469177885495401
2.302585092994046,80.0,-1.2377777777777779,-9.24450543863038
2.302585092994046,80.0,-1.3466666666666667,-7.547731087089766
2.302585092994046,80.0,-1.4555555555555555,-8.160374110211716
2.302585092994046,80.0,-1.5644444444444443,-11.102274639157013
2.302585092994046,80.0,-1.6733333333333333,-10.365415755431968
2.302585092994046,80.0,-1.7822222222222222,-9.763402062727348
2.302585092994046,80.0,-1.891111111111111,-10.869520011830378
2.302585092994046,80.0,-2.0,-20.14721181536769
2.302585092994046,160.0,-0.01,-5.183153198086203
2.302585092994046,160.0,-0.02,-3.8763578498718747
2.302585092994046,160.0,-0.03,-3.138525882622713
2.302585092994046,160.0,-0.04,-2.599246890384264
2.302585092994046,160.0,-0.05,-2.271742141466374
2.302585092994046,160.0,-0.060000000000000005,-1.932098405767654
2.302585092994046,160.0,-0.06999999999999999,-1.752385085536526
2.302585092994046,160.0,-0.08,-1.5935599347391347
2.302585092994046,160.0,-0.09,-1.4226963682611737
2.302585092994046,160.0,-0.09999999999999999,-1.3310842361685373
2.302585092994046,160.0,-0.11,-1.2348251416853153
2.302585092994046,160.0,-0.12,-1.1434797567603696
2.302585092994046,160.0,-0.13,-1.0908338144934293
2.302585092994046,160.0,-0.14,-1.081917300135487
2.302585092994046,160.0,-0.15000000000000002,-1.0328199493215808
2.302585092994046,160.0,-0.16,-1.02698606978468
2.302585092994046,160.0,-0.17,-1.0326345211600345
2.302585092994046,160.0,-0.18000000000000002,-1.0750589311871357
2.302585092994046,160.0,-0.19,-1.0953243949691032
2.302585092994046,160.0,-0.2,-1.2095798796088264
2.302585092994046,160.0,-0.21000000000000002,-1.2400414550723458
2.302585092994046,160.0,-0.22,-1.3251680142340367
2.302585092994046,160.0,-0.23,-1.3922471037356299
2.302585092994046,160.0,-0.24000000000000002,-1.505926628884874
2.302585092994046,160.0,-0.25,-1.6113429835062993
2.302585092994046,160.0,-0.26,-1.6983725778600753
2.302585092994046,160.0,-0.29083333333333333,-2.238878674541266
2.302585092994046,160.0,-0.32166666666666666,-2.938610380323973
2.302585092994046,160.0,-0.35250000000000004,-4.041640067316307
2.302585092994046,160.0,-0.38333333333333336,-6.255388235455092
2.302585092994046,160.0,-0.4141666666666667,-6.749271843588132
2.302585092994046,160.0,-0.445,-4.64507636677604
2.302585092994046,160.0,-0.47583333333333333,-3.8366290621424195
2.302585092994046,160.0,-0.5066666666666667,-3.436049078115651
2.302585092994046,160.0,-0.5375000000000001,-3.291697674024496
2.302585092994046,160.0,-0.5683333333333334,-3.2685853570466286
2.302585092994046,160.0,-0.5991666666666666,-3.412202367072315
2.302585092994046,160.0,-0.63,-3.6181962535856727
2.302585092994046,160.0,-0.6608333333333334,-3.950369050195497
2.302585092994046,160.0,-0.6916666666666667,-4.456002863898049
2.302585092994046,160.0,-0.7225,-5.187735524953676
2.302585092994046,160.0,-0.7533333333333334,-6.279447556283258
2.302585092994046,160.0,-0.7841666666666667,-8.574925527378628
2.302585092994046,160.0,-0.8150000000000001,-8.8388712174221
2.302585092994046,160.0,-0.8458333333333333,-6.839591810743004
2.302585092994046,160.0,-0.8766666666666667,-6.074310673166992
2.302585092994046,160.0,-0.9075,-5.6770091045198
2.302585092994046,160.0,-0.9383333333333334,-5.575996928315748
2.302585092994046,160.0,-0.9691666666666667,-5.495875911953141
2.302585092994046,160.0,-1.0,-5.688546363112006
2.302585092994046,160.0,-1.02,-5.785911372814041
2.302585092994046,160.0,-1.1288888888888888,-7.592263537665468
2.302585092994046,160.0,-1.2377777777777779,-9.385157886544269
2.302585092994046,160.0,-1.3466666666666667,-7.745217297622031
2.302585092994046,160.0,-1.4555555555555555,-8.356942442168219
2.302585092994046,160.0,-1.5644444444444443,-11.299507034596502
2.302585092994046,160.0,-1.6733333333333333,-10.580327640216224
2.302585092994046,160.0,-1.7822222222222222,-9.935144130821737
2.302585092994046,160.0,-1.891111111111111,-11.1280779584618
2.302585092994046,160.0,-2.0,-20.37237549449456
